{
   "PCC": "AAAAA",
   "Target": "FEN",
   "FE": -5.8179928613687775,
   "FE_error": 0.19457921421502827,
   "K": 10.304789600985464,
   "K_err": 0.8039042030354208
}