{
   "PCC": "AAAAA",
   "Target": "DEC",
   "FE": -7.756675458948523,
   "FE_error": 1.2642823867234703,
   "K": 22.418468752997043,
   "K_err": 11.363673795896338
}