{
   "PCC": "AAANG",
   "Target": "DEC",
   "FE": -6.69831776996205,
   "FE_error": 0.5531693017558937,
   "K": 14.666377096291543,
   "K_err": 3.2527421929453233
}