{
   "PCC": "AAANG",
   "Target": "FEN",
   "FE": -6.1413442662472315,
   "FE_error": 0.2295305372489075,
   "K": 11.731178503415219,
   "K_err": 1.0795700843764453
}