{
   "PCC": "AGADG",
   "Target": "FEN",
   "FE": -5.917567273349059,
   "FE_error": 0.17412812889844054,
   "K": 10.724503624886024,
   "K_err": 0.748712111926047
}