{
   "PCC": "AGADG",
   "Target": "DEC",
   "FE": -6.321680450262159,
   "FE_error": 0.15776356040315198,
   "K": 12.610784259963593,
   "K_err": 0.7976594596776059
}