{
   "PCC": "AGAGA",
   "Target": "DEC",
   "FE": -8.540530585726756,
   "FE_error": 0.9878275528617904,
   "K": 30.696734377075266,
   "K_err": 12.157437254652658
}