{
   "PCC": "AGAGA",
   "Target": "FEN",
   "FE": -5.834759266537831,
   "FE_error": 0.24018102419643927,
   "K": 10.374293365309024,
   "K_err": 0.9990010447414988
}