{
   "PCC": "AGANG",
   "Target": "FEN",
   "FE": -6.053185089624427,
   "FE_error": 0.1896933328471522,
   "K": 11.323774506683755,
   "K_err": 0.8612158313617426
}