{
   "PCC": "AGANG",
   "Target": "DEC",
   "FE": -9.073585812113636,
   "FE_error": 0.9956539845209297,
   "K": 38.010946839828364,
   "K_err": 15.173502797084577
}