{
   "PCC": "AGGGF",
   "Target": "DEC",
   "FE": -5.03214765151708,
   "FE_error": 0.20649232678089924,
   "K": 7.51980158645246,
   "K_err": 0.6225568625279713
}