{
   "PCC": "AGGGF",
   "Target": "FEN",
   "FE": -6.425315039239164,
   "FE_error": 0.23357258642409165,
   "K": 13.145803387596212,
   "K_err": 1.231055768528359
}