{
   "PCC": "ASGWA",
   "Target": "DEC",
   "FE": -6.096919655865801,
   "FE_error": 0.19445648588764797,
   "K": 11.524082322137204,
   "K_err": 0.8984574418421805
}