{
   "PCC": "ASGWA",
   "Target": "FEN",
   "FE": -6.675080123034441,
   "FE_error": 0.24466575605306437,
   "K": 14.530369801704884,
   "K_err": 1.4253403549293324
}