{
   "PCC": "AWPVN",
   "Target": "FEN",
   "FE": -6.492758382181345,
   "FE_error": 0.17149770430937927,
   "K": 13.506116322999342,
   "K_err": 0.9286616724921107
}