{
   "PCC": "AWPVN",
   "Target": "DEC",
   "FE": -6.226538699995605,
   "FE_error": 0.2913842420460017,
   "K": 12.138802556619044,
   "K_err": 1.4181123335364079
}