{
   "PCC": "FDEGW",
   "Target": "FEN",
   "FE": -6.404597145407019,
   "FE_error": 0.264924111404201,
   "K": 13.037060968182491,
   "K_err": 1.38474532608377
}