{
   "PCC": "FDEGW",
   "Target": "DEC",
   "FE": -5.716636211754702,
   "FE_error": 0.3702148121754267,
   "K": 9.894428880656598,
   "K_err": 1.4686328801360757
}