{
   "PCC": "FGAAG",
   "Target": "DEC",
   "FE": -5.906661145386832,
   "FE_error": 0.2726836036390715,
   "K": 10.677712082251617,
   "K_err": 1.16736308604315
}