{
   "PCC": "FGAAG",
   "Target": "FEN",
   "FE": -5.882073246175712,
   "FE_error": 0.19325120095231713,
   "K": 10.572968006248287,
   "K_err": 0.8191960407497023
}