{
   "PCC": "FGGDG",
   "Target": "DEC",
   "FE": -7.526997912577637,
   "FE_error": 0.5098313974455025,
   "K": 20.446269843351565,
   "K_err": 4.1793562371837725
}