{
   "PCC": "FGGDG",
   "Target": "FEN",
   "FE": -5.351012283889355,
   "FE_error": 0.2531258510752117,
   "K": 8.545306631656413,
   "K_err": 0.8672271725750461
}