{
   "PCC": "FGWWW",
   "Target": "DEC",
   "FE": -7.306228682792366,
   "FE_error": 0.46762552841835925,
   "K": 18.714290313983515,
   "K_err": 3.5086520315336074
}