{
   "PCC": "FGWWE",
   "Target": "DEC",
   "FE": -6.037535716808855,
   "FE_error": 0.3632613133796434,
   "K": 11.252948111418007,
   "K_err": 1.6389065473284754
}