{
   "PCC": "FGWWE",
   "Target": "FEN",
   "FE": -7.782845415803343,
   "FE_error": 0.4807273075578502,
   "K": 22.65492895103291,
   "K_err": 4.366467403393651
}