{
   "PCC": "FGWWW",
   "Target": "FEN",
   "FE": -10.76490908772722,
   "FE_error": 0.42564027087369805,
   "K": 74.8867296832227,
   "K_err": 12.77957176938991
}