{
   "PCC": "FHVPY",
   "Target": "FEN",
   "FE": -7.608967918351505,
   "FE_error": 0.28875961032688113,
   "K": 21.12938465768969,
   "K_err": 2.4462003368620224
}