{
   "PCC": "FHVPY",
   "Target": "DEC",
   "FE": -7.108103355255453,
   "FE_error": 0.650055316457806,
   "K": 17.28524074181652,
   "K_err": 4.5049966484126776
}