{
   "PCC": "FTFGF",
   "Target": "DEC",
   "FE": -5.412517881654095,
   "FE_error": 0.1602933891374847,
   "K": 8.758648824631555,
   "K_err": 0.5628873002827516
}