{
   "PCC": "FTFGF",
   "Target": "FEN",
   "FE": -7.090951716347298,
   "FE_error": 0.16680391496926608,
   "K": 17.166784649559226,
   "K_err": 1.1480582499321546
}