{
   "PCC": "FTHGF",
   "Target": "DEC",
   "FE": -5.542764002970642,
   "FE_error": 0.10548855157371376,
   "K": 9.228174475172652,
   "K_err": 0.3902921814832328
}