{
   "PCC": "FTHGF",
   "Target": "FEN",
   "FE": -6.997719830735112,
   "FE_error": 0.27414107001983123,
   "K": 16.536944145942805,
   "K_err": 1.8175990550184205
}