{
   "PCC": "FTTGF",
   "Target": "DEC",
   "FE": -5.721990901810638,
   "FE_error": 0.21686303304634275,
   "K": 9.915693619895272,
   "K_err": 0.8621391200259637
}