{
   "PCC": "FTTGF",
   "Target": "FEN",
   "FE": -6.684165167665916,
   "FE_error": 0.19612347395019175,
   "K": 14.583392722779019,
   "K_err": 1.14671864436347
}