{
   "PCC": "FTWWE",
   "Target": "FEN",
   "FE": -6.552859000754836,
   "FE_error": 0.22967593202195338,
   "K": 13.835514409608876,
   "K_err": 1.2740296155200406
}