{
   "PCC": "FTWWE",
   "Target": "DEC",
   "FE": -5.12454196554773,
   "FE_error": 0.19444959318145416,
   "K": 7.8035863754877575,
   "K_err": 0.6083731040293212
}