{
   "PCC": "FTYWD",
   "Target": "DEC",
   "FE": -4.094845207542084,
   "FE_error": 0.22035935714611848,
   "K": 5.164183133785428,
   "K_err": 0.4562489277306489
}