{
   "PCC": "FTYWD",
   "Target": "FEN",
   "FE": -7.590356685832492,
   "FE_error": 0.15609135413299152,
   "K": 20.972308088544885,
   "K_err": 1.312483348903561
}