{
   "PCC": "FWTWW",
   "Target": "FEN",
   "FE": -7.632999843870615,
   "FE_error": 0.22998468148051093,
   "K": 21.333952829679752,
   "K_err": 1.9671567421434304
}