{
   "PCC": "FWTWW",
   "Target": "DEC",
   "FE": -6.784880628443134,
   "FE_error": 0.9962062718887589,
   "K": 15.184319175253579,
   "K_err": 6.064755832230119
}