{
   "PCC": "GAAGG",
   "Target": "FEN",
   "FE": -5.209928635206815,
   "FE_error": 0.2952509207316018,
   "K": 8.075360488957033,
   "K_err": 0.9559207840606856
}