{
   "PCC": "GAAGG",
   "Target": "DEC",
   "FE": -5.402421924331816,
   "FE_error": 0.20826069590197815,
   "K": 8.72326745191559,
   "K_err": 0.7283753307974568
}