{
   "PCC": "GAANG",
   "Target": "FEN",
   "FE": -7.062940177726849,
   "FE_error": 0.3222370175162606,
   "K": 16.975068710170444,
   "K_err": 2.1930861652228857
}