{
   "PCC": "GAANG",
   "Target": "DEC",
   "FE": -10.659944150200472,
   "FE_error": 1.7037532716437704,
   "K": 71.80061863143459,
   "K_err": 49.04600228504264
}