{
   "PCC": "GAGNG",
   "Target": "FEN",
   "FE": -6.156419514265076,
   "FE_error": 0.21209549045180737,
   "K": 11.802297883020278,
   "K_err": 1.003614047773841
}