{
   "PCC": "GAGNG",
   "Target": "DEC",
   "FE": -5.845183744047545,
   "FE_error": 0.18284430998634887,
   "K": 10.417743329906648,
   "K_err": 0.7637018245416044
}