{
   "PCC": "GATWW",
   "Target": "FEN",
   "FE": -9.037305139483605,
   "FE_error": 0.4742600301598387,
   "K": 37.46204088195688,
   "K_err": 7.123225338195006
}