{
   "PCC": "GATWW",
   "Target": "DEC",
   "FE": -6.4925351255968655,
   "FE_error": 0.16524587064411556,
   "K": 13.504907440611255,
   "K_err": 0.8947278437944035
}