{
   "PCC": "GFHVY",
   "Target": "FEN",
   "FE": -7.8819439254649115,
   "FE_error": 0.18151594019459863,
   "K": 23.573165809052814,
   "K_err": 1.7155421999813119
}