{
   "PCC": "GFHVY",
   "Target": "DEC",
   "FE": -5.764179890270947,
   "FE_error": 0.22701434583470687,
   "K": 10.084842499220171,
   "K_err": 0.9178910764199013
}