{
   "PCC": "GGADG",
   "Target": "DEC",
   "FE": -9.15769660424446,
   "FE_error": 1.4095408300513685,
   "K": 39.31463125476091,
   "K_err": 22.217776430117542
}