{
   "PCC": "GGADG",
   "Target": "FEN",
   "FE": -6.024369524731386,
   "FE_error": 0.2685128689317644,
   "K": 11.193703415874978,
   "K_err": 1.205057099738546
}