{
   "PCC": "GGAGY",
   "Target": "FEN",
   "FE": -7.463253209115755,
   "FE_error": 0.2466275531038651,
   "K": 19.9303418791614,
   "K_err": 1.9707206519850315
}