{
   "PCC": "GGAGP",
   "Target": "FEN",
   "FE": -6.765136118249337,
   "FE_error": 0.28470391477140683,
   "K": 15.064592044904886,
   "K_err": 1.719568731304071
}