{
   "PCC": "GGAGE",
   "Target": "DEC",
   "FE": -6.467101550746791,
   "FE_error": 0.7915451416473985,
   "K": 13.367896465683426,
   "K_err": 4.2423596750289265
}