{
   "PCC": "GGAGG",
   "Target": "DEC",
   "FE": -10.859833222188808,
   "FE_error": 1.0898770436911933,
   "K": 77.79169280996354,
   "K_err": 33.992214009885544
}