{
   "PCC": "GGAGD",
   "Target": "DEC",
   "FE": -9.092267875443948,
   "FE_error": 0.7607986424833021,
   "K": 38.29672546657704,
   "K_err": 11.681539871111987
}