{
   "PCC": "GGAGN",
   "Target": "DEC",
   "FE": -7.941775664814309,
   "FE_error": 0.8282058182555141,
   "K": 24.14548417253599,
   "K_err": 8.01757295978299
}