{
   "PCC": "GGAGA",
   "Target": "FEN",
   "FE": -5.583360404942807,
   "FE_error": 0.2101770735844615,
   "K": 9.379604229749466,
   "K_err": 0.790384800091885
}