{
   "PCC": "GGAGT",
   "Target": "DEC",
   "FE": -7.406711559935816,
   "FE_error": 0.6547886705444981,
   "K": 19.483618502980573,
   "K_err": 5.114927695037621
}