{
   "PCC": "GGAGT",
   "Target": "FEN",
   "FE": -6.710486896581078,
   "FE_error": 0.18036162530302924,
   "K": 14.738108754070094,
   "K_err": 1.0657482354169214
}