{
   "PCC": "GGAGD",
   "Target": "FEN",
   "FE": -5.70646691548589,
   "FE_error": 0.23541449896580816,
   "K": 9.854169665016293,
   "K_err": 0.9300835596238779
}