{
   "PCC": "GGAGS",
   "Target": "FEN",
   "FE": -6.058634857502957,
   "FE_error": 0.2534223118793756,
   "K": 11.34854373580184,
   "K_err": 1.1530647863006607
}