{
   "PCC": "GGAGN",
   "Target": "FEN",
   "FE": -5.560050571709326,
   "FE_error": 0.24262508003816682,
   "K": 9.292354395357899,
   "K_err": 0.9039203868642136
}