{
   "PCC": "GGAGW",
   "Target": "FEN",
   "FE": -7.121824307947662,
   "FE_error": 0.23259675982682362,
   "K": 17.38059136382609,
   "K_err": 1.6208280150348895
}