{
   "PCC": "GGAGA",
   "Target": "DEC",
   "FE": -8.319930732499937,
   "FE_error": 0.8257454924522903,
   "K": 28.098358066950897,
   "K_err": 9.302418618833757
}