{
   "PCC": "GGAGP",
   "Target": "DEC",
   "FE": -8.913307735391303,
   "FE_error": 0.8686813719666243,
   "K": 35.645178003900504,
   "K_err": 12.414522545274169
}