{
   "PCC": "GGAGS",
   "Target": "DEC",
   "FE": -8.788580455361785,
   "FE_error": 1.024171404484522,
   "K": 33.90650725089898,
   "K_err": 13.922730796374726
}