{
   "PCC": "GGAGW",
   "Target": "DEC",
   "FE": -6.237831270874975,
   "FE_error": 0.22597611534233905,
   "K": 12.193885978274619,
   "K_err": 1.104773869095468
}