{
   "PCC": "GGAGY",
   "Target": "DEC",
   "FE": -5.696252297312851,
   "FE_error": 0.11347157383616484,
   "K": 9.813895930058244,
   "K_err": 0.4464751089118923
}