{
   "PCC": "GGAGG",
   "Target": "FEN",
   "FE": -6.756437673145301,
   "FE_error": 0.30152109706841435,
   "K": 15.012146252301108,
   "K_err": 1.8148018632608913
}