{
   "PCC": "GGAGE",
   "Target": "FEN",
   "FE": -4.988479064031799,
   "FE_error": 0.18804245343383255,
   "K": 7.389290329475887,
   "K_err": 0.5570925678331886
}