{
   "PCC": "GGANG",
   "Target": "FEN",
   "FE": -7.0236530568079,
   "FE_error": 0.3724179737123408,
   "K": 16.709782553524025,
   "K_err": 2.49499773865658
}