{
   "PCC": "GGANA",
   "Target": "FEN",
   "FE": -5.848288701799341,
   "FE_error": 0.2515210382664416,
   "K": 10.430720154128435,
   "K_err": 1.0518585370191174
}