{
   "PCC": "GGANG",
   "Target": "DEC",
   "FE": -10.488900105905982,
   "FE_error": 0.8312111847687299,
   "K": 67.04180475327388,
   "K_err": 22.342193071126076
}