{
   "PCC": "GGANA",
   "Target": "DEC",
   "FE": -6.17814078415217,
   "FE_error": 0.160052533066261,
   "K": 11.905529553206874,
   "K_err": 0.7639764904522456
}