{
   "PCC": "GGAPY",
   "Target": "DEC",
   "FE": -7.486937868598319,
   "FE_error": 0.48416856704228634,
   "K": 20.12049972887565,
   "K_err": 3.905746741201362
}