{
   "PCC": "GGAPY",
   "Target": "FEN",
   "FE": -6.673009372689623,
   "FE_error": 0.3415220801416753,
   "K": 14.518311313415959,
   "K_err": 1.987941576418185
}