{
   "PCC": "GGAWY",
   "Target": "DEC",
   "FE": -5.437675944064596,
   "FE_error": 0.19364378696293114,
   "K": 8.847441093424997,
   "K_err": 0.6868943942996845
}