{
   "PCC": "GGAWY",
   "Target": "FEN",
   "FE": -8.116496978653903,
   "FE_error": 0.391128049496721,
   "K": 25.897551195162603,
   "K_err": 4.0611252849432375
}