{
   "PCC": "GGDEK",
   "Target": "FEN",
   "FE": -4.331800755716132,
   "FE_error": 0.3428232470663074,
   "K": 5.678854621580798,
   "K_err": 0.7805482242754532
}