{
   "PCC": "GGDEK",
   "Target": "DEC",
   "FE": -5.647166619140451,
   "FE_error": 0.2678904442117645,
   "K": 9.622647210935206,
   "K_err": 1.033523869709939
}