{
   "PCC": "GGGGG",
   "Target": "DEC",
   "FE": -8.125289109947992,
   "FE_error": 0.5988097963182414,
   "K": 25.9890019439428,
   "K_err": 6.239463138708511
}