{
   "PCC": "GGGGG",
   "Target": "FEN",
   "FE": -6.155920866237074,
   "FE_error": 0.20117885824113318,
   "K": 11.799938567684018,
   "K_err": 0.951767367637793
}