{
   "PCC": "GGNGP",
   "Target": "DEC",
   "FE": -7.268059868366434,
   "FE_error": 0.4529913416103115,
   "K": 18.430085136702033,
   "K_err": 3.3472331777992608
}