{
   "PCC": "GGNGP",
   "Target": "FEN",
   "FE": -5.878213334772662,
   "FE_error": 0.2374055669092051,
   "K": 10.55661841213377,
   "K_err": 1.0048111533865651
}