{
   "PCC": "GGTGP",
   "Target": "DEC",
   "FE": -6.197878315361644,
   "FE_error": 0.19052649501444446,
   "K": 12.000116187526224,
   "K_err": 0.9166626882268741
}