{
   "PCC": "GGTGP",
   "Target": "FEN",
   "FE": -6.328961138560006,
   "FE_error": 0.32138010069282025,
   "K": 12.647649517891482,
   "K_err": 1.629661965996097
}