{
   "PCC": "GGVNG",
   "Target": "FEN",
   "FE": -6.368201401739069,
   "FE_error": 0.271682037465798,
   "K": 12.848203472267837,
   "K_err": 1.3994972725205943
}