{
   "PCC": "GGVNG",
   "Target": "DEC",
   "FE": -6.2242554269685755,
   "FE_error": 0.3698731746723818,
   "K": 12.12769538070464,
   "K_err": 1.79845609490851
}