{
   "PCC": "GGWPG",
   "Target": "FEN",
   "FE": -6.389489210111727,
   "FE_error": 0.2561670100697839,
   "K": 12.958331214697067,
   "K_err": 1.330886441649787
}