{
   "PCC": "GGWPG",
   "Target": "DEC",
   "FE": -5.150056140860966,
   "FE_error": 0.16334603138851797,
   "K": 7.883822082211948,
   "K_err": 0.5163142688246669
}