{
   "PCC": "GHASF",
   "Target": "FEN",
   "FE": -6.5333027036025495,
   "FE_error": 0.171198912365532,
   "K": 13.727458334730338,
   "K_err": 0.942236362941621
}