{
   "PCC": "GHASF",
   "Target": "DEC",
   "FE": -5.3955898337852455,
   "FE_error": 0.09672382596592458,
   "K": 8.699405451191883,
   "K_err": 0.33735858346086894
}