{
   "PCC": "GHGAG",
   "Target": "DEC",
   "FE": -4.974450455141486,
   "FE_error": 0.2664047694050106,
   "K": 7.347845983297558,
   "K_err": 0.7848212712709163
}