{
   "PCC": "GHGAG",
   "Target": "FEN",
   "FE": -6.899813125061063,
   "FE_error": 0.2320869830447815,
   "K": 15.900382510006677,
   "K_err": 1.479541258121025
}