{
   "PCC": "GHGGF",
   "Target": "FEN",
   "FE": -8.59585701274033,
   "FE_error": 1.034173464254325,
   "K": 31.38525855715343,
   "K_err": 13.013311510131128
}