{
   "PCC": "GHGGF",
   "Target": "DEC",
   "FE": -9.761471439520317,
   "FE_error": 1.0942734877887934,
   "K": 50.08233175105446,
   "K_err": 21.972483297980034
}