{
   "PCC": "GRGFG",
   "Target": "FEN",
   "FE": -5.931479494082199,
   "FE_error": 0.3858420659315734,
   "K": 10.78449021260733,
   "K_err": 1.6683144830612004
}