{
   "PCC": "GRGFG",
   "Target": "DEC",
   "FE": -6.26649369910672,
   "FE_error": 0.1591882478843398,
   "K": 12.334821867819933,
   "K_err": 0.7872498921913619
}