{
   "PCC": "GSANG",
   "Target": "DEC",
   "FE": -5.169231147671554,
   "FE_error": 0.22399182499238737,
   "K": 7.944665209620589,
   "K_err": 0.7134712770653691
}