{
   "PCC": "GSANG",
   "Target": "FEN",
   "FE": -6.826750917011617,
   "FE_error": 0.20557350436832128,
   "K": 15.441370807970344,
   "K_err": 1.2726873182764655
}