{
   "PCC": "GTGSG",
   "Target": "FEN",
   "FE": -5.922058423849874,
   "FE_error": 0.26350955285533595,
   "K": 10.743831966657424,
   "K_err": 1.135074315406448
}