{
   "PCC": "GTGSG",
   "Target": "DEC",
   "FE": -6.3852944718348095,
   "FE_error": 0.600294972084222,
   "K": 12.936556246769785,
   "K_err": 3.1135232423304613
}