{
   "PCC": "GWGHG",
   "Target": "FEN",
   "FE": -7.909389758675064,
   "FE_error": 0.3693215219459931,
   "K": 23.83399410574424,
   "K_err": 3.5291504198481642
}