{
   "PCC": "GWGHG",
   "Target": "DEC",
   "FE": -5.470210354114327,
   "FE_error": 0.2717739300275259,
   "K": 8.963603310958016,
   "K_err": 0.976695412968809
}