{
   "PCC": "GWWTW",
   "Target": "FEN",
   "FE": -7.391612072336231,
   "FE_error": 0.34781870638793777,
   "K": 19.36602410292665,
   "K_err": 2.700611599453761
}