{
   "PCC": "GWWTW",
   "Target": "DEC",
   "FE": -6.7999571910585255,
   "FE_error": 0.17213201841873338,
   "K": 15.2763810097786,
   "K_err": 1.0542676198166945
}