{
   "PCC": "HETHV",
   "Target": "FEN",
   "FE": -6.344982070257747,
   "FE_error": 0.3252633476832041,
   "K": 12.729150315543643,
   "K_err": 1.6599815751729772
}