{
   "PCC": "HETHV",
   "Target": "DEC",
   "FE": -5.917095845623214,
   "FE_error": 0.36295755820018333,
   "K": 10.722476782377498,
   "K_err": 1.560341588801979
}