{
   "PCC": "HETSV",
   "Target": "FEN",
   "FE": -6.044639556763736,
   "FE_error": 0.2385840540629155,
   "K": 11.285043809292752,
   "K_err": 1.0794769875305397
}