{
   "PCC": "HETSV",
   "Target": "DEC",
   "FE": -5.604797259770609,
   "FE_error": 0.21504646483137654,
   "K": 9.460566365075092,
   "K_err": 0.8156769112789772
}