{
   "PCC": "HETSK",
   "Target": "FEN",
   "FE": -5.90324201473649,
   "FE_error": 0.3402716607416559,
   "K": 10.66308475462329,
   "K_err": 1.4547131577598826
}