{
   "PCC": "HETSK",
   "Target": "DEC",
   "FE": -4.932585784508461,
   "FE_error": 0.21420125492824518,
   "K": 7.225543078631341,
   "K_err": 0.6205277824476503
}