{
   "PCC": "HFHNT",
   "Target": "FEN",
   "FE": -7.33077434379957,
   "FE_error": 0.32901417616202683,
   "K": 18.899368629786306,
   "K_err": 2.493047951131263
}