{
   "PCC": "HFHNT",
   "Target": "DEC",
   "FE": -5.5030923751959575,
   "FE_error": 0.21245227838100464,
   "K": 9.082556404119,
   "K_err": 0.7736387625607676
}