{
   "PCC": "HGGGG",
   "Target": "FEN",
   "FE": -6.146875950170105,
   "FE_error": 0.31339922359323824,
   "K": 11.75722500546125,
   "K_err": 1.4773094332140815
}