{
   "PCC": "HGGGG",
   "Target": "DEC",
   "FE": -6.039809145361619,
   "FE_error": 0.18063246760849969,
   "K": 11.263209692788108,
   "K_err": 0.8156929516479382
}