{
   "PCC": "HGHWW",
   "Target": "DEC",
   "FE": -6.917000616892241,
   "FE_error": 0.14686118438787524,
   "K": 16.01033017725418,
   "K_err": 0.9427054976635751
}