{
   "PCC": "HGHWW",
   "Target": "FEN",
   "FE": -7.721142280042174,
   "FE_error": 0.153948539748139,
   "K": 22.101352240814176,
   "K_err": 1.3641531969900578
}