{
   "PCC": "HGWVW",
   "Target": "FEN",
   "FE": -6.667397460781523,
   "FE_error": 0.3210711779423277,
   "K": 14.485682056117783,
   "K_err": 1.864700104665134
}