{
   "PCC": "HGWVW",
   "Target": "DEC",
   "FE": -6.225888753409316,
   "FE_error": 0.13238257002887127,
   "K": 12.135639800854664,
   "K_err": 0.6441132169761046
}