{
   "PCC": "HGWWV",
   "Target": "FEN",
   "FE": -9.395910163952465,
   "FE_error": 0.46963557351172786,
   "K": 43.254606928029226,
   "K_err": 8.144455990565858
}