{
   "PCC": "HGWWW",
   "Target": "DEC",
   "FE": -6.609182702555942,
   "FE_error": 0.22341457420334787,
   "K": 14.151500557952101,
   "K_err": 1.2676014239007731
}