{
   "PCC": "HGWWW",
   "Target": "FEN",
   "FE": -10.398331697986759,
   "FE_error": 0.26918957390231074,
   "K": 64.65107740406205,
   "K_err": 6.977546298903365
}