{
   "PCC": "HGWWV",
   "Target": "DEC",
   "FE": -6.099822382072856,
   "FE_error": 0.20736887882145047,
   "K": 11.537501746581304,
   "K_err": 0.9592329410588932
}