{
   "PCC": "HGWYW",
   "Target": "DEC",
   "FE": -6.352490128165803,
   "FE_error": 0.15751413196065475,
   "K": 12.767525420454517,
   "K_err": 0.8062968823223826
}