{
   "PCC": "HGWYW",
   "Target": "FEN",
   "FE": -7.6224533522534355,
   "FE_error": 0.25724666566800186,
   "K": 21.243934654639087,
   "K_err": 2.191055791666595
}