{
   "PCC": "HHETS",
   "Target": "FEN",
   "FE": -5.274187045376484,
   "FE_error": 0.293541286207546,
   "K": 8.28611021772731,
   "K_err": 0.9751886179813825
}