{
   "PCC": "HHETS",
   "Target": "DEC",
   "FE": -5.904886362755028,
   "FE_error": 0.19554842290981722,
   "K": 10.67011691054836,
   "K_err": 0.8365506110661146
}