{
   "PCC": "HHGGF",
   "Target": "DEC",
   "FE": -5.630889515176863,
   "FE_error": 0.2348671055372411,
   "K": 9.560054451509377,
   "K_err": 0.9002254501661554
}