{
   "PCC": "HHGGF",
   "Target": "FEN",
   "FE": -7.088836793246139,
   "FE_error": 0.29338368236927104,
   "K": 17.152234476756217,
   "K_err": 2.017555012289274
}