{
   "PCC": "HHHHH",
   "Target": "DEC",
   "FE": -5.715486862663843,
   "FE_error": 0.23068324943950297,
   "K": 9.88987049197589,
   "K_err": 0.9146930725783233
}