{
   "PCC": "HHHHH",
   "Target": "FEN",
   "FE": -7.140286359550548,
   "FE_error": 0.2503157077019042,
   "K": 17.509719698009487,
   "K_err": 1.7572599943345428
}