{
   "PCC": "HHWTW",
   "Target": "DEC",
   "FE": -6.241195942265961,
   "FE_error": 0.1670262853445728,
   "K": 12.210346609088779,
   "K_err": 0.8176765443371821
}