{
   "PCC": "HHWTW",
   "Target": "FEN",
   "FE": -7.493369502667519,
   "FE_error": 0.4134008804740782,
   "K": 20.172450126887583,
   "K_err": 3.3434803318798645
}