{
   "PCC": "HHWWW",
   "Target": "FEN",
   "FE": -10.471391623398516,
   "FE_error": 0.3818105060350069,
   "K": 66.57284074133844,
   "K_err": 10.190926955191385
}