{
   "PCC": "HHWWW",
   "Target": "DEC",
   "FE": -7.386343512748384,
   "FE_error": 0.14542138981037658,
   "K": 19.325159951511452,
   "K_err": 1.1267306625196958
}