{
   "PCC": "HKHET",
   "Target": "DEC",
   "FE": -4.862756466842098,
   "FE_error": 0.1424200441851497,
   "K": 7.026057364432038,
   "K_err": 0.4011913239875741
}