{
   "PCC": "HKHET",
   "Target": "FEN",
   "FE": -5.417563046400032,
   "FE_error": 0.14489455978600452,
   "K": 8.776383388053558,
   "K_err": 0.5098429185811977
}