{
   "PCC": "HNWWW",
   "Target": "FEN",
   "FE": -8.275682588096554,
   "FE_error": 0.6064185858715538,
   "K": 27.60427707840835,
   "K_err": 6.711469276679875
}