{
   "PCC": "HNWWW",
   "Target": "DEC",
   "FE": -5.823585625947851,
   "FE_error": 0.25494776751880655,
   "K": 10.327922038335544,
   "K_err": 1.0556814476713692
}