{
   "PCC": "HPWWW",
   "Target": "FEN",
   "FE": -7.297875931116187,
   "FE_error": 0.2645593219485142,
   "K": 18.651723410351437,
   "K_err": 1.9783847721168333
}