{
   "PCC": "HPWWW",
   "Target": "DEC",
   "FE": -5.770433666483771,
   "FE_error": 0.18792479599567366,
   "K": 10.110160228655007,
   "K_err": 0.7617471728223741
}