{
   "PCC": "HTFHE",
   "Target": "FEN",
   "FE": -5.075193936726697,
   "FE_error": 0.19718250430583728,
   "K": 7.650708873609236,
   "K_err": 0.604837597391212
}