{
   "PCC": "HTFHE",
   "Target": "DEC",
   "FE": -5.500509871417011,
   "FE_error": 0.10250372387503111,
   "K": 9.07315715893072,
   "K_err": 0.37287803547983167
}