{
   "PCC": "HWAWY",
   "Target": "FEN",
   "FE": -7.518809532027912,
   "FE_error": 0.1874062867086542,
   "K": 20.379255442554836,
   "K_err": 1.5312326952034052
}