{
   "PCC": "HWAWY",
   "Target": "DEC",
   "FE": -5.85657840250083,
   "FE_error": 0.17102009918380612,
   "K": 10.4654452759649,
   "K_err": 0.7175853937527915
}