{
   "PCC": "HWGHY",
   "Target": "FEN",
   "FE": -8.016949429131891,
   "FE_error": 0.2942232911668152,
   "K": 24.884292995356418,
   "K_err": 2.935425620821543
}