{
   "PCC": "HWGHY",
   "Target": "DEC",
   "FE": -5.7531340489215825,
   "FE_error": 0.14835659371093599,
   "K": 10.040279404767592,
   "K_err": 0.5972021699933381
}