{
   "PCC": "HWGWW",
   "Target": "DEC",
   "FE": -5.898517636861125,
   "FE_error": 0.2270538836434113,
   "K": 10.642906436264663,
   "K_err": 0.9688530348838706
}