{
   "PCC": "HWGWW",
   "Target": "FEN",
   "FE": -9.914467194626452,
   "FE_error": 0.5353041969862948,
   "K": 53.25059075374767,
   "K_err": 11.428620288060587
}