{
   "PCC": "HWHWW",
   "Target": "FEN",
   "FE": -8.210645870126736,
   "FE_error": 0.21819188459121014,
   "K": 26.893793786072344,
   "K_err": 2.3526611939662025
}