{
   "PCC": "HWHWW",
   "Target": "DEC",
   "FE": -5.3545625306838724,
   "FE_error": 0.21023137128110772,
   "K": 8.55747869053615,
   "K_err": 0.7212935930640177
}