{
   "PCC": "HWTWW",
   "Target": "DEC",
   "FE": -7.5808377466665275,
   "FE_error": 0.35133055379100475,
   "K": 20.892421285478125,
   "K_err": 2.942885871326279
}