{
   "PCC": "HWTWW",
   "Target": "FEN",
   "FE": -9.318196844407927,
   "FE_error": 0.3094201165220451,
   "K": 41.92767595195728,
   "K_err": 5.201373738494576
}