{
   "PCC": "HWWLY",
   "Target": "DEC",
   "FE": -6.496694843358007,
   "FE_error": 0.17352038621765506,
   "K": 13.527449126858505,
   "K_err": 0.9410986276289668
}