{
   "PCC": "HWWLY",
   "Target": "FEN",
   "FE": -8.61937523568576,
   "FE_error": 0.3732036633763486,
   "K": 31.682594947582437,
   "K_err": 4.740622443952674
}