{
   "PCC": "HWWTV",
   "Target": "DEC",
   "FE": -5.688493186787615,
   "FE_error": 0.10778743802957022,
   "K": 9.78341369752474,
   "K_err": 0.42279251769689535
}