{
   "PCC": "HWWTW",
   "Target": "DEC",
   "FE": -6.519197153928096,
   "FE_error": 0.27825940792738485,
   "K": 13.650043995495977,
   "K_err": 1.52283423958362
}