{
   "PCC": "HWWTW",
   "Target": "FEN",
   "FE": -10.429850839698108,
   "FE_error": 0.48281881865859827,
   "K": 65.4732553982117,
   "K_err": 12.674091823068427
}