{
   "PCC": "HWWTV",
   "Target": "FEN",
   "FE": -6.540683792806768,
   "FE_error": 0.3601276227010477,
   "K": 13.768142187683361,
   "K_err": 1.9879273174005339
}