{
   "PCC": "HWWVH",
   "Target": "FEN",
   "FE": -8.854803681509397,
   "FE_error": 0.3608089972467325,
   "K": 34.81881281317784,
   "K_err": 5.036861894172231
}