{
   "PCC": "HWWVH",
   "Target": "DEC",
   "FE": -5.686351178654079,
   "FE_error": 0.1647870459373414,
   "K": 9.775015351055657,
   "K_err": 0.6458166561192471
}