{
   "PCC": "HWWWA",
   "Target": "FEN",
   "FE": -8.0172877321522,
   "FE_error": 0.2340826596082975,
   "K": 24.887668427328624,
   "K_err": 2.3357275346477984
}