{
   "PCC": "HWWWF",
   "Target": "FEN",
   "FE": -8.561767549970213,
   "FE_error": 0.2569367192269899,
   "K": 30.95921881352357,
   "K_err": 3.1892230421687313
}