{
   "PCC": "HWWWL",
   "Target": "DEC",
   "FE": -6.070977568183477,
   "FE_error": 0.19817768967345561,
   "K": 11.404841924219117,
   "K_err": 0.9061764187445726
}