{
   "PCC": "HWWWY",
   "Target": "DEC",
   "FE": -6.690848750854956,
   "FE_error": 0.16822757441404956,
   "K": 14.622523517021184,
   "K_err": 0.9862527716626058
}