{
   "PCC": "HWWWW",
   "Target": "FEN",
   "FE": -9.822759839250617,
   "FE_error": 0.46281181540962574,
   "K": 51.32821772221293,
   "K_err": 9.524218437077176
}