{
   "PCC": "HWWWT",
   "Target": "FEN",
   "FE": -9.194179907073153,
   "FE_error": 0.16593188034877873,
   "K": 39.893922839761686,
   "K_err": 2.6540267946799565
}