{
   "PCC": "HWWWV",
   "Target": "DEC",
   "FE": -5.788480684986458,
   "FE_error": 0.195524846816607,
   "K": 10.18357853535175,
   "K_err": 0.7983091304504603
}