{
   "PCC": "HWWWY",
   "Target": "FEN",
   "FE": -9.105201776511134,
   "FE_error": 0.2388862181084395,
   "K": 38.4958324188475,
   "K_err": 3.687003375621337
}