{
   "PCC": "HWWWW",
   "Target": "DEC",
   "FE": -6.375306376570093,
   "FE_error": 0.21618461364609282,
   "K": 12.884855025735973,
   "K_err": 1.1167939241538964
}