{
   "PCC": "HWWWT",
   "Target": "DEC",
   "FE": -5.601464906032957,
   "FE_error": 0.21767406998711206,
   "K": 9.447935099307411,
   "K_err": 0.8245411298373563
}