{
   "PCC": "HWWWA",
   "Target": "DEC",
   "FE": -6.0360848471425275,
   "FE_error": 0.14271989513432795,
   "K": 11.246404204179964,
   "K_err": 0.643527234647915
}