{
   "PCC": "HWWWL",
   "Target": "FEN",
   "FE": -8.980285949838915,
   "FE_error": 0.13127425626942196,
   "K": 36.615346816727964,
   "K_err": 1.9271319146070527
}