{
   "PCC": "HWWWV",
   "Target": "FEN",
   "FE": -9.800937899140676,
   "FE_error": 0.2616091005904429,
   "K": 50.88110212821042,
   "K_err": 5.3367650408193406
}