{
   "PCC": "HWWWF",
   "Target": "DEC",
   "FE": -6.319390968074479,
   "FE_error": 0.27988968890482985,
   "K": 12.59921384909648,
   "K_err": 1.4138361176605878
}