{
   "PCC": "HWYWT",
   "Target": "DEC",
   "FE": -6.716104504708257,
   "FE_error": 0.1651633542317189,
   "K": 14.77134034155141,
   "K_err": 0.9781429385409892
}