{
   "PCC": "HWYWT",
   "Target": "FEN",
   "FE": -7.555716366885621,
   "FE_error": 0.2372700414592292,
   "K": 20.68305066737678,
   "K_err": 1.9675520364653303
}