{
   "PCC": "HYGWW",
   "Target": "FEN",
   "FE": -7.371327298269841,
   "FE_error": 0.11771922990918252,
   "K": 19.209163256317325,
   "K_err": 0.9066185172534039
}