{
   "PCC": "HYGWW",
   "Target": "DEC",
   "FE": -5.661523628229596,
   "FE_error": 0.08328944190194906,
   "K": 9.678196409511601,
   "K_err": 0.3231864235288544
}