{
   "PCC": "HYHET",
   "Target": "DEC",
   "FE": -5.3809488002954735,
   "FE_error": 0.180003052222563,
   "K": 8.64848925000919,
   "K_err": 0.6241498124110653
}