{
   "PCC": "HYHET",
   "Target": "FEN",
   "FE": -8.648245256720768,
   "FE_error": 0.6071720645750999,
   "K": 32.051447203734426,
   "K_err": 7.802398914004988
}