{
   "PCC": "HYWWY",
   "Target": "FEN",
   "FE": -7.993724617790552,
   "FE_error": 0.2215051007423888,
   "K": 24.65365767226739,
   "K_err": 2.1894438803479894
}