{
   "PCC": "HYWWY",
   "Target": "DEC",
   "FE": -6.884707308190761,
   "FE_error": 0.2264977239545027,
   "K": 15.80437481332184,
   "K_err": 1.4351916140410816
}