{
   "PCC": "KGGED",
   "Target": "DEC",
   "FE": -5.4398630763137,
   "FE_error": 0.12560800822850848,
   "K": 8.85520270449546,
   "K_err": 0.4459483498401797
}