{
   "PCC": "KGGED",
   "Target": "FEN",
   "FE": -5.024263745360104,
   "FE_error": 0.35590115101049985,
   "K": 7.496069804249203,
   "K_err": 1.0696254796677667
}