{
   "PCC": "LGANG",
   "Target": "FEN",
   "FE": -6.196608333061962,
   "FE_error": 0.21122853341198167,
   "K": 11.994007593219512,
   "K_err": 1.0157471869328563
}