{
   "PCC": "LGANG",
   "Target": "DEC",
   "FE": -5.017401992208877,
   "FE_error": 0.2004924010492584,
   "K": 7.475475829099773,
   "K_err": 0.600904537712256
}