{
   "PCC": "LGAWW",
   "Target": "FEN",
   "FE": -7.6663097807333624,
   "FE_error": 0.21482662621609797,
   "K": 21.620777884262132,
   "K_err": 1.862207829782559
}