{
   "PCC": "LGAWW",
   "Target": "DEC",
   "FE": -5.85178749374265,
   "FE_error": 0.26641716041402586,
   "K": 10.445362335438086,
   "K_err": 1.115717974862895
}