{
   "PCC": "LGGNG",
   "Target": "FEN",
   "FE": -5.83225262847733,
   "FE_error": 0.14547152126909574,
   "K": 10.363872574739892,
   "K_err": 0.6044616749604973
}