{
   "PCC": "LGGNG",
   "Target": "DEC",
   "FE": -7.428152198249511,
   "FE_error": 0.5672223557031283,
   "K": 19.65182548977375,
   "K_err": 4.4691503280315334
}