{
   "PCC": "LSAWY",
   "Target": "FEN",
   "FE": -6.365333456313478,
   "FE_error": 0.3040686058193048,
   "K": 12.833438509648834,
   "K_err": 1.564528007175326
}