{
   "PCC": "LSAWY",
   "Target": "DEC",
   "FE": -6.144749794422087,
   "FE_error": 0.6836339295566639,
   "K": 11.747206947551975,
   "K_err": 3.219785601343236
}