{
   "PCC": "NFHVH",
   "Target": "FEN",
   "FE": -7.295275823788619,
   "FE_error": 0.2511999535009539,
   "K": 18.632289839011598,
   "K_err": 1.8765256760388138
}