{
   "PCC": "NFHVH",
   "Target": "DEC",
   "FE": -9.591018377064815,
   "FE_error": 1.1363111612132193,
   "K": 46.77404770885662,
   "K_err": 21.309386763969766
}