{
   "PCC": "NHWWW",
   "Target": "DEC",
   "FE": -5.526583038503918,
   "FE_error": 0.23995727813288692,
   "K": 9.168501051032663,
   "K_err": 0.8820658153974464
}