{
   "PCC": "NHWWW",
   "Target": "FEN",
   "FE": -8.275614807055229,
   "FE_error": 0.30633074188429316,
   "K": 27.603526929574116,
   "K_err": 3.390188791179338
}