{
   "PCC": "NRPAY",
   "Target": "FEN",
   "FE": -7.9847200695875244,
   "FE_error": 0.5804631894179041,
   "K": 24.564813630897564,
   "K_err": 5.716851121661136
}