{
   "PCC": "NRPAY",
   "Target": "DEC",
   "FE": -5.964197051562199,
   "FE_error": 0.14659088960255737,
   "K": 10.926887184087429,
   "K_err": 0.6422027555537485
}