{
   "PCC": "NSAWW",
   "Target": "DEC",
   "FE": -4.506713863725105,
   "FE_error": 0.16358787220679544,
   "K": 6.091397325469607,
   "K_err": 0.3995183735224672
}