{
   "PCC": "NSAWW",
   "Target": "FEN",
   "FE": -6.966938181527001,
   "FE_error": 0.21856613792119628,
   "K": 16.334111083440344,
   "K_err": 1.4313541720324607
}