{
   "PCC": "PETSK",
   "Target": "DEC",
   "FE": -4.197392826502432,
   "FE_error": 0.23034231553775883,
   "K": 5.380930792550604,
   "K_err": 0.4969353133287363
}