{
   "PCC": "PETSE",
   "Target": "DEC",
   "FE": -4.938077153423028,
   "FE_error": 0.15621878972141115,
   "K": 7.241468759612153,
   "K_err": 0.45355363861439296
}