{
   "PCC": "PETSE",
   "Target": "FEN",
   "FE": -6.295011362531576,
   "FE_error": 0.4447084890570026,
   "K": 12.476662508598073,
   "K_err": 2.2245520538340156
}