{
   "PCC": "PETSK",
   "Target": "FEN",
   "FE": -5.580865244904889,
   "FE_error": 0.25829287411247026,
   "K": 9.370225707081984,
   "K_err": 0.9703562380581988
}