{
   "PCC": "PETTK",
   "Target": "DEC",
   "FE": -5.249457349588029,
   "FE_error": 0.10040237811152687,
   "K": 8.204360362038791,
   "K_err": 0.33026112229678545
}