{
   "PCC": "PETTK",
   "Target": "FEN",
   "FE": -6.194941614357469,
   "FE_error": 0.3508118241937639,
   "K": 11.98599542136663,
   "K_err": 1.6858427225353738
}