{
   "PCC": "PGWWW",
   "Target": "FEN",
   "FE": -8.56312318025515,
   "FE_error": 0.18295780875008186,
   "K": 30.97605012701379,
   "K_err": 2.272195595770643
}