{
   "PCC": "PGWWW",
   "Target": "DEC",
   "FE": -7.283459786550666,
   "FE_error": 0.17840728324345562,
   "K": 18.54422987594348,
   "K_err": 1.3264476272990138
}