{
   "PCC": "PRHTS",
   "Target": "FEN",
   "FE": -5.919880147659519,
   "FE_error": 0.2973543790056989,
   "K": 10.734453080851363,
   "K_err": 1.279743657213683
}