{
   "PCC": "PRHTS",
   "Target": "DEC",
   "FE": -4.972992658019712,
   "FE_error": 0.1367308880908967,
   "K": 7.343552607070674,
   "K_err": 0.4025701506322641
}