{
   "PCC": "PRWET",
   "Target": "FEN",
   "FE": -5.22862309137671,
   "FE_error": 0.31980571735577923,
   "K": 8.136114093771619,
   "K_err": 1.0432105702217538
}