{
   "PCC": "PRWET",
   "Target": "DEC",
   "FE": -4.000955326391699,
   "FE_error": 0.23801546119002875,
   "K": 4.973399702509442,
   "K_err": 0.4745994803444538
}