{
   "PCC": "RAWGS",
   "Target": "FEN",
   "FE": -5.481628730962404,
   "FE_error": 0.06991307436259274,
   "K": 9.004732504959028,
   "K_err": 0.25240499287725787
}