{
   "PCC": "RAWGS",
   "Target": "DEC",
   "FE": -5.194573989151655,
   "FE_error": 0.2004749578674357,
   "K": 8.02580014059692,
   "K_err": 0.6450853760879749
}