{
   "PCC": "REYHA",
   "Target": "DEC",
   "FE": -4.896589222372968,
   "FE_error": 0.23670517791211354,
   "K": 7.122012147061257,
   "K_err": 0.6758949371992498
}