{
   "PCC": "REYHA",
   "Target": "FEN",
   "FE": -5.4332157135310615,
   "FE_error": 0.2349624273627304,
   "K": 8.831633874884922,
   "K_err": 0.8319710259088596
}