{
   "PCC": "SGEGR",
   "Target": "FEN",
   "FE": -4.847471293550063,
   "FE_error": 0.132432395430943,
   "K": 6.983131334685707,
   "K_err": 0.3707773275043326
}