{
   "PCC": "SGEGR",
   "Target": "DEC",
   "FE": -4.869712609284036,
   "FE_error": 0.10902249681739357,
   "K": 7.045679877705861,
   "K_err": 0.3079695341366214
}