{
   "PCC": "SKLYR",
   "Target": "DEC",
   "FE": -6.194619683569267,
   "FE_error": 0.3855162026505643,
   "K": 11.984448467657215,
   "K_err": 1.8523771406112515
}