{
   "PCC": "SKLYR",
   "Target": "FEN",
   "FE": -6.446555324160632,
   "FE_error": 0.38024598778287894,
   "K": 13.258229373818756,
   "K_err": 2.021244697498073
}