{
   "PCC": "TERPF",
   "Target": "DEC",
   "FE": -6.078321476402787,
   "FE_error": 0.14654813592651958,
   "K": 11.438471761026715,
   "K_err": 0.6720738972121719
}