{
   "PCC": "TERPF",
   "Target": "FEN",
   "FE": -4.496882649169009,
   "FE_error": 0.3861168761737676,
   "K": 6.067434545797908,
   "K_err": 0.9392746665112225
}