{
   "PCC": "TWTWW",
   "Target": "DEC",
   "FE": -5.817076040809451,
   "FE_error": 0.21567724350289974,
   "K": 10.30100245208346,
   "K_err": 0.8907432500128186
}