{
   "PCC": "TWTWW",
   "Target": "FEN",
   "FE": -8.056930806060304,
   "FE_error": 0.20997742855068713,
   "K": 25.28639592898842,
   "K_err": 2.1287676988547637
}