{
   "PCC": "TWWWV",
   "Target": "DEC",
   "FE": -6.919774999389751,
   "FE_error": 0.11662128145954494,
   "K": 16.028148914018026,
   "K_err": 0.7494279792226749
}