{
   "PCC": "TWWWV",
   "Target": "FEN",
   "FE": -8.55315162464399,
   "FE_error": 0.24236142185542278,
   "K": 30.852458276174325,
   "K_err": 2.9979334678649328
}