{
   "PCC": "VVVVE",
   "Target": "FEN",
   "FE": -5.684537993823261,
   "FE_error": 0.3052500455695914,
   "K": 9.7679118834807,
   "K_err": 1.1954356296817565
}