{
   "PCC": "VVVVE",
   "Target": "DEC",
   "FE": -4.860084603023026,
   "FE_error": 0.04789355276848372,
   "K": 7.018534865385447,
   "K_err": 0.13476969366240907
}