{
   "PCC": "WGWWW",
   "Target": "FEN",
   "FE": -11.058809832898428,
   "FE_error": 0.49206434341980243,
   "K": 84.2518370064189,
   "K_err": 16.621491804376447
}