{
   "PCC": "WGWWW",
   "Target": "DEC",
   "FE": -7.011322576550073,
   "FE_error": 0.20340441681251395,
   "K": 16.627378902254478,
   "K_err": 1.3559787942962758
}