{
   "PCC": "WHWWV",
   "Target": "DEC",
   "FE": -6.5120472480205205,
   "FE_error": 0.6698507887283087,
   "K": 13.61097063408313,
   "K_err": 3.6554083131258253
}