{
   "PCC": "WHWWV",
   "Target": "FEN",
   "FE": -6.904939538527634,
   "FE_error": 0.31396196507732743,
   "K": 15.933096710775747,
   "K_err": 2.0056075507506437
}