{
   "PCC": "WVRSP",
   "Target": "FEN",
   "FE": -5.900969808365316,
   "FE_error": 0.2758111759292007,
   "K": 10.653375149808923,
   "K_err": 1.178061072762298
}