{
   "PCC": "WVRSP",
   "Target": "DEC",
   "FE": -6.163757054303381,
   "FE_error": 0.1726456398268769,
   "K": 11.837069489041605,
   "K_err": 0.8193482622126497
}