{
   "PCC": "WWGWY",
   "Target": "FEN",
   "FE": -8.909688531579175,
   "FE_error": 0.47443191695310405,
   "K": 35.59349264924571,
   "K_err": 6.770382867708228
}