{
   "PCC": "WWGWY",
   "Target": "DEC",
   "FE": -6.42578127598997,
   "FE_error": 0.42441083844138405,
   "K": 13.148260940936417,
   "K_err": 2.2372963074288053
}