{
   "PCC": "WWWET",
   "Target": "FEN",
   "FE": -8.748280979577874,
   "FE_error": 0.3470400858111129,
   "K": 33.36307251697862,
   "K_err": 4.6420990895736685
}