{
   "PCC": "WWWET",
   "Target": "DEC",
   "FE": -6.504611447614375,
   "FE_error": 0.3543009555393313,
   "K": 13.570453535377625,
   "K_err": 1.9276820843101554
}