{
   "PCC": "WWWWW",
   "Target": "FEN",
   "FE": -9.195029280071799,
   "FE_error": 0.35861664471616994,
   "K": 39.90751059979731,
   "K_err": 5.737910973568399
}