{
   "PCC": "WWWWY",
   "Target": "DEC",
   "FE": -6.3166968343330145,
   "FE_error": 0.17586900337997208,
   "K": 12.585612036372195,
   "K_err": 0.8874264476640844
}