{
   "PCC": "WWWWY",
   "Target": "FEN",
   "FE": -10.91776816040252,
   "FE_error": 0.7533924520433767,
   "K": 79.61977671553302,
   "K_err": 24.049770993048504
}