{
   "PCC": "WWWWW",
   "Target": "DEC",
   "FE": -6.295303735282187,
   "FE_error": 0.18390184903190726,
   "K": 12.478125121839204,
   "K_err": 0.9200345931993115
}