{
   "PCC": "WWWWH",
   "Target": "DEC",
   "FE": -6.366036170231057,
   "FE_error": 0.10635073776762227,
   "K": 12.837054701760826,
   "K_err": 0.5473619751004684
}