{
   "PCC": "WWWWL",
   "Target": "FEN",
   "FE": -9.486920778145384,
   "FE_error": 0.38484183606691036,
   "K": 44.862068861046964,
   "K_err": 6.921979372241794
}