{
   "PCC": "WWWWH",
   "Target": "FEN",
   "FE": -8.378740637765988,
   "FE_error": 0.242265262580012,
   "K": 28.76875226917229,
   "K_err": 2.794350622480291
}