{
   "PCC": "WWWWL",
   "Target": "DEC",
   "FE": -6.304615529136952,
   "FE_error": 0.27579563303160937,
   "K": 12.524797761007463,
   "K_err": 1.3849268411073439
}