{
   "PCC": "WWYHV",
   "Target": "FEN",
   "FE": -7.232366114994541,
   "FE_error": 0.2761429714323366,
   "K": 18.16821591257354,
   "K_err": 2.0114766769795205
}