{
   "PCC": "WWYHV",
   "Target": "DEC",
   "FE": -5.468103381985344,
   "FE_error": 0.3022626673483122,
   "K": 8.956034516310778,
   "K_err": 1.0853479599725953
}