{
   "PCC": "WWYYT",
   "Target": "FEN",
   "FE": -8.322933049684043,
   "FE_error": 0.22799454725436208,
   "K": 28.132200973151996,
   "K_err": 2.5715613920866467
}