{
   "PCC": "WWYYT",
   "Target": "DEC",
   "FE": -5.9657245562761245,
   "FE_error": 0.14917016472691144,
   "K": 10.93358110745369,
   "K_err": 0.6539026921874405
}