{
   "PCC": "YADAL",
   "Target": "FEN",
   "FE": -5.775273948881584,
   "FE_error": 0.37950497517646115,
   "K": 10.12979920881947,
   "K_err": 1.5412994937397038
}