{
   "PCC": "YADAL",
   "Target": "DEC",
   "FE": -6.25679550508268,
   "FE_error": 0.6178096599146787,
   "K": 12.286953522438091,
   "K_err": 3.0434602586340076
}