{
   "PCC": "YGAWW",
   "Target": "FEN",
   "FE": -8.561102136036187,
   "FE_error": 0.2281740183511443,
   "K": 30.95096047503581,
   "K_err": 2.831450975630007
}