{
   "PCC": "YGAWW",
   "Target": "DEC",
   "FE": -4.361345015090764,
   "FE_error": 0.10972830543987441,
   "K": 5.746521675953774,
   "K_err": 0.25280895103677126
}