{
   "PCC": "YGFWW",
   "Target": "FEN",
   "FE": -8.88270342907985,
   "FE_error": 0.3717443625118467,
   "K": 35.21047730377831,
   "K_err": 5.247893688970779
}