{
   "PCC": "YGFWW",
   "Target": "DEC",
   "FE": -5.667815440407493,
   "FE_error": 0.2087639310722576,
   "K": 9.702641226606016,
   "K_err": 0.8121087018883903
}