{
   "PCC": "YGGDL",
   "Target": "FEN",
   "FE": -6.166903310073115,
   "FE_error": 0.4743637130097078,
   "K": 11.852010531221563,
   "K_err": 2.2540949892632587
}