{
   "PCC": "YGGDL",
   "Target": "DEC",
   "FE": -4.533668797969052,
   "FE_error": 0.1303286545895113,
   "K": 6.157584335698041,
   "K_err": 0.321750333571075
}