{
   "PCC": "YGLHT",
   "Target": "DEC",
   "FE": -5.746508100720332,
   "FE_error": 0.1660447258462276,
   "K": 10.013642373096634,
   "K_err": 0.666631586305428
}