{
   "PCC": "YGLHT",
   "Target": "FEN",
   "FE": -7.853040160970699,
   "FE_error": 0.22503611258803383,
   "K": 23.301567482947554,
   "K_err": 2.102355129328143
}