{
   "PCC": "YGVWW",
   "Target": "FEN",
   "FE": -9.127704148952924,
   "FE_error": 0.43885976897469164,
   "K": 38.84470858235375,
   "K_err": 6.834808689896958
}