{
   "PCC": "YGVWW",
   "Target": "DEC",
   "FE": -5.887159986066243,
   "FE_error": 0.09160657243822813,
   "K": 10.594552810032985,
   "K_err": 0.38911501461106573
}