{
   "PCC": "YGWWT",
   "Target": "FEN",
   "FE": -7.868439598666678,
   "FE_error": 0.22727725512718766,
   "K": 23.44587870462541,
   "K_err": 2.136442529080365
}