{
   "PCC": "YGWWW",
   "Target": "FEN",
   "FE": -12.455585088814933,
   "FE_error": 0.47216156183789726,
   "K": 147.49874941824098,
   "K_err": 27.922075172180783
}