{
   "PCC": "YGWWT",
   "Target": "DEC",
   "FE": -6.507208564941727,
   "FE_error": 0.2795243381838917,
   "K": 13.584591301213973,
   "K_err": 1.5224215752427586
}