{
   "PCC": "YGWWW",
   "Target": "DEC",
   "FE": -6.263498868866618,
   "FE_error": 0.1945831165350836,
   "K": 12.320020116262759,
   "K_err": 0.9611370018432086
}