{
   "PCC": "YGWWE",
   "Target": "DEC",
   "FE": -7.6023083103355225,
   "FE_error": 0.5222216680991332,
   "K": 21.073043653979486,
   "K_err": 4.412156205960637
}