{
   "PCC": "YGWWE",
   "Target": "FEN",
   "FE": -9.213058437064808,
   "FE_error": 0.3966840338552767,
   "K": 40.19702446198205,
   "K_err": 6.393038975446346
}