{
   "PCC": "YHETS",
   "Target": "FEN",
   "FE": -5.495222848666375,
   "FE_error": 0.23365680409189923,
   "K": 9.053944913486374,
   "K_err": 0.8481740970689333
}