{
   "PCC": "YHETS",
   "Target": "DEC",
   "FE": -5.66964058842391,
   "FE_error": 0.24415322289806596,
   "K": 9.7097437994637,
   "K_err": 0.9504711900222816
}