{
   "PCC": "YNAHT",
   "Target": "DEC",
   "FE": -4.517640566166242,
   "FE_error": 0.20574768204808905,
   "K": 6.118141328044802,
   "K_err": 0.5046882353812185
}