{
   "PCC": "YNAHT",
   "Target": "FEN",
   "FE": -6.504428103457043,
   "FE_error": 0.2371517524146302,
   "K": 13.569456032401215,
   "K_err": 1.2902013781562118
}