{
   "PCC": "YNANY",
   "Target": "FEN",
   "FE": -7.112429362150847,
   "FE_error": 0.5896269881264568,
   "K": 17.31524673770642,
   "K_err": 4.093311195020565
}