{
   "PCC": "YNANY",
   "Target": "DEC",
   "FE": -5.918734796536081,
   "FE_error": 0.1867523429869594,
   "K": 10.729524889277005,
   "K_err": 0.8033693818496419
}