{
   "PCC": "YNAWW",
   "Target": "FEN",
   "FE": -10.4827147076045,
   "FE_error": 0.27803572193702086,
   "K": 66.87575291116062,
   "K_err": 7.45483451236323
}