{
   "PCC": "YNAWW",
   "Target": "DEC",
   "FE": -6.075444351576323,
   "FE_error": 0.25210802234637797,
   "K": 11.425284792397125,
   "K_err": 1.1548416140467432
}