{
   "PCC": "YNAYY",
   "Target": "FEN",
   "FE": -7.044709731019428,
   "FE_error": 0.19751249115314423,
   "K": 16.851447957219882,
   "K_err": 1.3344444974613354
}