{
   "PCC": "YNAYY",
   "Target": "DEC",
   "FE": -6.187405677204148,
   "FE_error": 0.30833879365449557,
   "K": 11.94983577450891,
   "K_err": 1.4772664369663269
}