{
   "PCC": "YSAWW",
   "Target": "DEC",
   "FE": -6.096456502450713,
   "FE_error": 0.14554629490841786,
   "K": 11.521942588933952,
   "K_err": 0.6723502742229335
}