{
   "PCC": "YSAWW",
   "Target": "FEN",
   "FE": -9.607431413980526,
   "FE_error": 0.3774973583912351,
   "K": 47.082858410896705,
   "K_err": 7.125994176738856
}