{
   "PCC": "YSWWW",
   "Target": "FEN",
   "FE": -7.683301952905212,
   "FE_error": 0.18957403545024043,
   "K": 21.768576080361473,
   "K_err": 1.6545412611497483
}