{
   "PCC": "YSWWW",
   "Target": "DEC",
   "FE": -6.550749797095409,
   "FE_error": 0.4919053227761025,
   "K": 13.82381944434838,
   "K_err": 2.726329230122184
}