{
   "PCC": "YTLYP",
   "Target": "DEC",
   "FE": -6.023826943230183,
   "FE_error": 0.21035443287675512,
   "K": 11.1912686328402,
   "K_err": 0.9438429021058935
}