{
   "PCC": "YTLYP",
   "Target": "FEN",
   "FE": -8.42421860764828,
   "FE_error": 0.3730825987084883,
   "K": 29.29811844622388,
   "K_err": 4.382414468441305
}