{
   "PCC": "YTVHT",
   "Target": "FEN",
   "FE": -7.499958077582964,
   "FE_error": 0.14073916440943057,
   "K": 20.225807273580756,
   "K_err": 1.14127303952768
}