{
   "PCC": "YTVHT",
   "Target": "DEC",
   "FE": -7.843024452752201,
   "FE_error": 0.9421041289071554,
   "K": 23.208185338849145,
   "K_err": 8.766148357057288
}