{
   "PCC": "YTYHT",
   "Target": "DEC",
   "FE": -6.3765626151608155,
   "FE_error": 0.22564511760187725,
   "K": 12.891346297113461,
   "K_err": 1.166253448504006
}