{
   "PCC": "YTYHT",
   "Target": "FEN",
   "FE": -9.179873775435897,
   "FE_error": 0.24226216526710775,
   "K": 39.66575586915038,
   "K_err": 3.852743125578085
}