{
   "PCC": "YTYKY",
   "Target": "FEN",
   "FE": -8.053111297943232,
   "FE_error": 0.514806855824911,
   "K": 25.247703088865656,
   "K_err": 5.211166163090299
}