{
   "PCC": "YTYKY",
   "Target": "DEC",
   "FE": -7.113358413079533,
   "FE_error": 0.26576397466263396,
   "K": 17.32169760069504,
   "K_err": 1.8456752474801235
}