{
   "PCC": "YTYVH",
   "Target": "DEC",
   "FE": -5.799839858020783,
   "FE_error": 0.15562421119559736,
   "K": 10.230062715136013,
   "K_err": 0.6382990299593189
}