{
   "PCC": "YTYVH",
   "Target": "FEN",
   "FE": -8.487646645688793,
   "FE_error": 0.3276060701125898,
   "K": 30.052730149640574,
   "K_err": 3.9473405582863808
}