{
   "PCC": "YWGAW",
   "Target": "DEC",
   "FE": -6.412531280675511,
   "FE_error": 0.3282261084244119,
   "K": 13.0785983346345,
   "K_err": 1.7210878979324336
}