{
   "PCC": "YWGAW",
   "Target": "FEN",
   "FE": -8.418455689486105,
   "FE_error": 0.2631450083059062,
   "K": 29.230502476680897,
   "K_err": 3.0838989724208195
}