{
   "PCC": "YYHHT",
   "Target": "DEC",
   "FE": -6.248629125012566,
   "FE_error": 0.1708558124822203,
   "K": 12.246790004035736,
   "K_err": 0.8389203978985886
}