{
   "PCC": "YYHHT",
   "Target": "FEN",
   "FE": -8.237078384861915,
   "FE_error": 0.2911324049136227,
   "K": 27.180318804297674,
   "K_err": 3.1725890384949658
}